{"cameraMode":{"drawMode":0,"name":"Shaded","section":"Shading Mode"},"sceneLighting":true,"audioPlay":false,"sceneViewState":{"showFog":true,"showMaterialUpdate":false,"showSkybox":true,"showFlares":true,"showImageEffects":true,"showParticleSystems":true},"in2DMode":false,"pivot":{"x":-0.777435839176178,"y":2.624267578125,"z":-0.7174460887908936},"rotation":{"x":-0.07985296100378037,"y":-0.6563203930854797,"z":-0.07016372680664063,"w":0.7469565868377686},"size":6.570761680603027,"orthographic":true}